Contig,Start,End,gRNA_Seq,PAM,Strand,G_start,Unique
nHd.2.3.scaf00209,2114,2133,GGAGATTGCAAAGTCCTCGG,AGG,+,True,Yes
nHd.2.3.scaf00209,2663,2682,GCCAGCCGTCGTCGCCTTGG,TGG,+,True,Yes
nHd.2.3.scaf00209,2834,2853,GAACGGTTCAGCGCGGGAGG,AGG,+,True,Yes
nHd.2.3.scaf00209,3573,3592,GTGAAACGTCGGGATGACGG,CGG,+,True,Yes
nHd.2.3.scaf00209,3585,3604,GATGACGGCGGTGGAGAGGG,TGG,+,True,Yes
nHd.2.3.scaf00209,4004,4023,GTGATGATGGTGATTGATGG,GGG,+,True,Yes
nHd.2.3.scaf00209,6249,6268,GACGGGCACAACACACGGGG,CGG,+,True,Yes
nHd.2.3.scaf00209,6383,6402,GGCCACGAGGAGTCGACTGG,AGG,+,True,Yes
nHd.2.3.scaf00209,9278,9297,GTCGGTTTGGTACAGCTGGG,CGG,+,True,Yes
nHd.2.3.scaf00209,11741,11760,GCGCCCGATACCCCCGTCGG,CGG,+,True,Yes
nHd.2.3.scaf00209,12700,12719,GCGCCCGATACTCCCGTCGG,CGG,+,True,Yes
nHd.2.3.scaf00209,15285,15304,GGCGCACGCCCATTGGTGGG,CGG,+,True,Yes
nHd.2.3.scaf00209,16017,16036,GGGCATCAACGGCAAAGTGG,TGG,+,True,Yes
nHd.2.3.scaf00209,16706,16725,GAGCTCTTGTGACCGCGTGG,TGG,+,True,Yes
nHd.2.3.scaf00209,19598,19617,GCGTCGTATAGTTCTATCGG,TGG,+,True,Yes
nHd.2.3.scaf00209,20193,20212,GGTCTGGCCTGAGCTACAGG,AGG,+,True,Yes
nHd.2.3.scaf00209,21063,21082,GGTGTGATTGGTCTGAATGG,AGG,+,True,Yes
nHd.2.3.scaf00209,21082,21101,GAGGATTAGGACCAAAACGG,AGG,+,True,Yes
nHd.2.3.scaf00209,21424,21443,GTCTGAATGGAGGTTTAGGG,AGG,+,True,Yes
nHd.2.3.scaf00209,21443,21462,GAGGATTAGGACCAGAACGG,AGG,+,True,Yes
nHd.2.3.scaf00209,24829,24848,GCTTCCCAACTTGGATGTGG,TGG,+,True,Yes
nHd.2.3.scaf00209,25686,25705,GCAAGCGGAAGATATAACGG,CGG,+,True,Yes
nHd.2.3.scaf00209,26101,26120,GCTGACGATGCGTTGCGAGG,AGG,+,True,Yes
nHd.2.3.scaf00209,28982,29001,GGGTTGAATCACCAAAGTGG,CGG,+,True,Yes
nHd.2.3.scaf00209,29940,29959,GCGACCCAAAACGAAAATGG,GGG,+,True,Yes
nHd.2.3.scaf00209,30242,30261,GTGACCGGCTCTTCGCCGGG,TGG,+,True,Yes
nHd.2.3.scaf00209,30287,30306,GATGCACACAGAATATTTGG,CGG,+,True,Yes
nHd.2.3.scaf00209,31605,31624,GCCCTTGAATCAGGTGCAGG,CGG,+,True,Yes
nHd.2.3.scaf00209,32129,32148,GCGGAAGAGGGCGTCAGAGG,CGG,+,True,Yes
nHd.2.3.scaf00209,32132,32151,GAAGAGGGCGTCAGAGGCGG,CGG,+,True,Yes
nHd.2.3.scaf00209,34572,34591,GCCAACACTGTCCTGTCCGG,CGG,+,True,Yes
nHd.2.3.scaf00209,37998,38017,GTGCAGTCATAGCATACGGG,TGG,+,True,Yes
nHd.2.3.scaf00209,38705,38724,GTGGGTTGGGGCGGTGGAGG,AGG,+,True,No
nHd.2.3.scaf00209,39205,39224,GTGGGTTGGGGCGGTGGAGG,AGG,+,True,No
nHd.2.3.scaf00209,39346,39365,GATTCTGAGGTGGAATGGGG,GGG,+,True,Yes
nHd.2.3.scaf00209,39417,39436,GGAAAATATGAGCGATAGGG,AGG,+,True,Yes
nHd.2.3.scaf00209,39687,39706,GGGAAAATATGAGCGATAGG,AGG,+,True,Yes
nHd.2.3.scaf00209,42742,42761,GGGAGCGGGAAAAGTCGAGG,AGG,+,True,Yes
nHd.2.3.scaf00209,42928,42947,GTATGAAATTGCCAGAGTGG,CGG,+,True,Yes
nHd.2.3.scaf00209,44136,44155,GACAGACGCCGAGGCATGGG,AGG,+,True,No
nHd.2.3.scaf00209,44492,44511,GCTTGCTTAGTACCTCCCGG,CGG,+,True,No
nHd.2.3.scaf00209,44597,44616,GACAGACGCCGAGGCATGGG,AGG,+,True,No
nHd.2.3.scaf00209,44951,44970,GCTTGCTTAGTACCTCCCGG,CGG,+,True,No
nHd.2.3.scaf00209,45262,45281,GCTTGCTTAGTACCTCCCGG,CGG,+,True,No
nHd.2.3.scaf00209,45772,45791,GTGCCGCTGTGGCGTTTCGG,TGG,+,True,Yes
nHd.2.3.scaf00209,45995,46014,GATTAGGGGTTTTCCCGCGG,TGG,+,True,Yes
nHd.2.3.scaf00209,46070,46089,GGATATTATCGATTTAGCGG,GGG,+,True,Yes
nHd.2.3.scaf00209,53543,53562,GAGGCATCCCCAAATGTCGG,CGG,+,True,No
nHd.2.3.scaf00209,53842,53861,GAGGCATCCCCAAATGTCGG,CGG,+,True,No
nHd.2.3.scaf00209,56215,56234,GCCCACTGTCAGTTGGTTGG,TGG,+,True,No
nHd.2.3.scaf00209,56545,56564,GCTTCTTGCGACTATTTTGG,AGG,+,True,No
nHd.2.3.scaf00209,57157,57176,GCCCACTGTCAGTTGGTTGG,TGG,+,True,No
nHd.2.3.scaf00209,57493,57512,GCCCACTGTCAGTTGGTTGG,TGG,+,True,No
nHd.2.3.scaf00209,57823,57842,GCTTCTTGCGACTATTTTGG,AGG,+,True,No
nHd.2.3.scaf00209,58110,58129,GCTCGCAGAAAAATCCGCGG,CGG,+,True,Yes
nHd.2.3.scaf00209,58342,58361,GCTCGCAGAAAAGTCCGCGG,CGG,+,True,Yes
nHd.2.3.scaf00209,59488,59507,GAGGGAACGTGTCGGCCTGG,TGG,+,True,Yes
nHd.2.3.scaf00209,60502,60521,GAATCAGAAGATCCGCAAGG,CGG,+,True,Yes
nHd.2.3.scaf00209,61985,62004,GGAGACGATCGGTAGGCAGG,TGG,+,True,No
nHd.2.3.scaf00209,62290,62309,GGAGACGATCGGTAGGCAGG,TGG,+,True,No
nHd.2.3.scaf00209,62875,62894,GAAGTTATGACTGAACGCGG,GGG,+,True,No
nHd.2.3.scaf00209,62891,62910,GCGGGGGAGAAAGGCAGCGG,GGG,+,True,No
nHd.2.3.scaf00209,62966,62985,GGCTGACTAGGATAATTAGG,AGG,+,True,No
nHd.2.3.scaf00209,63099,63118,GTCCTTATGGTCGCCCTTGG,GGG,+,True,Yes
nHd.2.3.scaf00209,63596,63615,GACTTTACGGGAATAGCCGG,TGG,+,True,No
nHd.2.3.scaf00209,64086,64105,GACTTTACGGGAATAGCCGG,TGG,+,True,No
nHd.2.3.scaf00209,64239,64258,GAAGTTATGACTGAACGCGG,GGG,+,True,No
nHd.2.3.scaf00209,64255,64274,GCGGGGGAGAAAGGCAGCGG,GGG,+,True,No
nHd.2.3.scaf00209,64330,64349,GGCTGACTAGGATAATTAGG,AGG,+,True,No
nHd.2.3.scaf00209,64463,64482,GTCCTTATGGTCGCCTTTGG,GGG,+,True,Yes
nHd.2.3.scaf00209,64960,64979,GACTTTACGGGAATAGCCGG,TGG,+,True,No
nHd.2.3.scaf00209,65320,65339,GTCTGGAGATTTTGAAGAGG,AGG,+,True,Yes
nHd.2.3.scaf00209,67397,67416,GGGAGGCGCACGACGTGTGG,TGG,+,True,Yes
nHd.2.3.scaf00209,67401,67420,GGCGCACGACGTGTGGTGGG,CGG,+,True,Yes
nHd.2.3.scaf00209,67404,67423,GCACGACGTGTGGTGGGCGG,GGG,+,True,Yes
nHd.2.3.scaf00209,69799,69818,GGCGATGAGAAGTAAACTGG,CGG,+,True,Yes
nHd.2.3.scaf00209,69857,69876,GCCGCTGCGAGTTCGGCGGG,AGG,+,True,Yes
nHd.2.3.scaf00209,69985,70004,GCGGGTGGTGCATTTGGAGG,TGG,+,True,Yes
nHd.2.3.scaf00209,72041,72060,GTTGGGAAACAGAGTCATGG,TGG,+,True,Yes
nHd.2.3.scaf00209,73496,73515,GGCAGGCACTGACTTTAAGG,CGG,+,True,No
nHd.2.3.scaf00209,73795,73814,GGCAGGCACTGACTTTAAGG,CGG,+,True,No
nHd.2.3.scaf00209,74570,74589,GGATGGAACATCAGCGGGGG,GGG,+,True,Yes
nHd.2.3.scaf00209,74571,74590,GATGGAACATCAGCGGGGGG,GGG,+,True,Yes
nHd.2.3.scaf00209,79133,79152,GCGGAAGAGCCGGAGTGAGG,TGG,+,True,Yes
nHd.2.3.scaf00209,79241,79260,GAACAGTGGTGCCAGTAAGG,CGG,+,True,Yes
nHd.2.3.scaf00209,79289,79308,GGTGAGGAGCCCGAGTGAGG,GGG,+,True,Yes
nHd.2.3.scaf00209,79307,79326,GGGGGACATCCATCATCGGG,TGG,+,True,Yes
nHd.2.3.scaf00209,79417,79436,GGGATGGTAAGAGGGATGGG,CGG,+,True,Yes
nHd.2.3.scaf00209,79434,79453,GGGCGGTATGCCGGAGTGGG,AGG,+,True,Yes
nHd.2.3.scaf00209,79443,79462,GCCGGAGTGGGAGGAGGAGG,AGG,+,True,Yes
nHd.2.3.scaf00209,79452,79471,GGAGGAGGAGGAGGAGTGGG,AGG,+,True,No
nHd.2.3.scaf00209,79455,79474,GGAGGAGGAGGAGTGGGAGG,AGG,+,True,Yes
nHd.2.3.scaf00209,79458,79477,GGAGGAGGAGTGGGAGGAGG,AGG,+,True,Yes
nHd.2.3.scaf00209,79461,79480,GGAGGAGTGGGAGGAGGAGG,AGG,+,True,Yes
nHd.2.3.scaf00209,79470,79489,GGAGGAGGAGGAGGAGTGGG,AGG,+,True,No
nHd.2.3.scaf00209,79479,79498,GGAGGAGTGGGAGGAGCTGG,TGG,+,True,Yes
nHd.2.3.scaf00209,79494,79513,GCTGGTGGTCAGCGGTCTGG,AGG,+,True,Yes
nHd.2.3.scaf00209,81034,81053,GCAGCAGTCCGAGCGGATGG,AGG,+,True,Yes
nHd.2.3.scaf00209,81044,81063,GAGCGGATGGAGGATAATGG,CGG,+,True,Yes
nHd.2.3.scaf00209,89464,89483,GAACTGCCGAAAGCACTCGG,CGG,+,True,Yes
nHd.2.3.scaf00209,89837,89856,GACAAGTAAATCCAAATAGG,TGG,+,True,Yes
nHd.2.3.scaf00209,89935,89954,GAAGTAGAAATTGTAAGGGG,TGG,+,True,Yes
nHd.2.3.scaf00209,95828,95847,GTGTCTGAATGGAACGCCGG,CGG,+,True,No
nHd.2.3.scaf00209,96060,96079,GTGTCTGAATGGAACGCCGG,CGG,+,True,No
nHd.2.3.scaf00209,97791,97810,GGGTTAATATTGATGCACGG,AGG,+,True,Yes
nHd.2.3.scaf00209,99761,99780,GATGATAGAGATTTATCAGG,GGG,+,True,No
nHd.2.3.scaf00209,100028,100047,GATGATAGAGATTTATCAGG,GGG,+,True,No
nHd.2.3.scaf00209,1953,1934,GAGAAAACACGAGGCAACGG,TGG,-,True,Yes
nHd.2.3.scaf00209,1981,1962,GCTAAGTAAAAAATAGTTGG,AGG,-,True,Yes
nHd.2.3.scaf00209,2558,2539,GTTCCGTTGTGGAAGAGAGG,TGG,-,True,Yes
nHd.2.3.scaf00209,3797,3778,GTCCCGAGGACGAGGGAGGG,AGG,-,True,Yes
nHd.2.3.scaf00209,3964,3945,GAGAGATCACTGCCCGTTGG,AGG,-,True,Yes
nHd.2.3.scaf00209,5290,5271,GCAAACATGGAGTCTGATGG,AGG,-,True,No
nHd.2.3.scaf00209,5353,5334,GTAAAGGGCTTTTTTTGCGG,TGG,-,True,Yes
nHd.2.3.scaf00209,5994,5975,GCAAACATGGAGTCTGATGG,AGG,-,True,No
nHd.2.3.scaf00209,6057,6038,GTAAAGGCCTTTTTTTGCGG,TGG,-,True,Yes
nHd.2.3.scaf00209,6806,6787,GACAAACTCTGACGTTAGGG,GGG,-,True,No
nHd.2.3.scaf00209,6942,6923,GCGCGAACGAGAACTGGTGG,AGG,-,True,No
nHd.2.3.scaf00209,6945,6926,GGCGCGCGAACGAGAACTGG,TGG,-,True,No
nHd.2.3.scaf00209,7100,7081,GACAAACTCTGACGTTAGGG,GGG,-,True,No
nHd.2.3.scaf00209,7307,7288,GCGCGAACGAGAACTGGTGG,AGG,-,True,No
nHd.2.3.scaf00209,7310,7291,GGCGCGCGAACGAGAACTGG,TGG,-,True,No
nHd.2.3.scaf00209,9182,9163,GGAGATAGCCGGTGAAGCGG,CGG,-,True,Yes
nHd.2.3.scaf00209,11688,11669,GTAATGAGAGTATAAGACGG,AGG,-,True,No
nHd.2.3.scaf00209,12647,12628,GTAATGAGAGTATAAGACGG,AGG,-,True,No
nHd.2.3.scaf00209,12963,12944,GGAGTAGGAAGAGGAGGAGG,AGG,-,True,Yes
nHd.2.3.scaf00209,12966,12947,GGAGGAGTAGGAAGAGGAGG,AGG,-,True,Yes
nHd.2.3.scaf00209,12969,12950,GGAGGAGGAGTAGGAAGAGG,AGG,-,True,Yes
nHd.2.3.scaf00209,13091,13072,GGAGTTGATCGCGTCATTGG,CGG,-,True,Yes
nHd.2.3.scaf00209,14186,14167,GTGTATATGCTGCACTGAGG,CGG,-,True,Yes
nHd.2.3.scaf00209,14464,14445,GTGTATATGCTGTACTGAGG,CGG,-,True,Yes
nHd.2.3.scaf00209,14924,14905,GTTTGTGTCTGCGGCGCCGG,CGG,-,True,Yes
nHd.2.3.scaf00209,15687,15668,GAGCACCGTGGCGGTCGGGG,AGG,-,True,Yes
nHd.2.3.scaf00209,16069,16050,GTTTCTGTCGTGTGGTGCGG,TGG,-,True,Yes
nHd.2.3.scaf00209,18154,18135,GTCTGTCTGTCTACTGTCGG,AGG,-,True,Yes
nHd.2.3.scaf00209,21648,21629,GAACGGGCCACCATGAAAGG,TGG,-,True,Yes
nHd.2.3.scaf00209,21729,21710,GATGAGCCCGCCGAGGGAGG,CGG,-,True,Yes
nHd.2.3.scaf00209,21732,21713,GATGATGAGCCCGCCGAGGG,AGG,-,True,Yes
nHd.2.3.scaf00209,22259,22240,GGATTGGCATTCCGTCCGGG,AGG,-,True,Yes
nHd.2.3.scaf00209,22803,22784,GGGTTGGCATTCCGTCCGGG,AGG,-,True,Yes
nHd.2.3.scaf00209,23924,23905,GCAAAATCGCCGATCCACGG,CGG,-,True,Yes
nHd.2.3.scaf00209,26020,26001,GTTTTTCTTCCGCGCAGTGG,CGG,-,True,Yes
nHd.2.3.scaf00209,26048,26029,GAAAATTCTACGCGATGTGG,TGG,-,True,Yes
nHd.2.3.scaf00209,26111,26092,GCATCGTCAGCAGCAGCGGG,AGG,-,True,Yes
nHd.2.3.scaf00209,28869,28850,GTGACGGGGGGTCAGGGGGG,GGG,-,True,Yes
nHd.2.3.scaf00209,28870,28851,GGTGACGGGGGGTCAGGGGG,GGG,-,True,Yes
nHd.2.3.scaf00209,28871,28852,GGGTGACGGGGGGTCAGGGG,GGG,-,True,Yes
nHd.2.3.scaf00209,30617,30598,GAACAGCGATGCGATGACGG,GGG,-,True,Yes
nHd.2.3.scaf00209,31010,30991,GCACACGGAACTGCCTGAGG,GGG,-,True,Yes
nHd.2.3.scaf00209,31752,31733,GAATGAACGAAAATGGGGGG,AGG,-,True,Yes
nHd.2.3.scaf00209,31755,31736,GTGGAATGAACGAAAATGGG,GGG,-,True,Yes
nHd.2.3.scaf00209,31756,31737,GGTGGAATGAACGAAAATGG,GGG,-,True,Yes
nHd.2.3.scaf00209,31774,31755,GGCGTTGGCTAGCGATGTGG,TGG,-,True,Yes
nHd.2.3.scaf00209,33974,33955,GACCGGCCAAATCCAGACGG,AGG,-,True,Yes
nHd.2.3.scaf00209,34286,34267,GGAGGACGAGGCAGCAGCGG,TGG,-,True,Yes
nHd.2.3.scaf00209,34619,34600,GGCAATACCGGGGTACATGG,TGG,-,True,Yes
nHd.2.3.scaf00209,34760,34741,GATCCACATCTGTTGGAAGG,TGG,-,True,Yes
nHd.2.3.scaf00209,34811,34792,GCACTTGCGATGGACGATGG,AGG,-,True,Yes
nHd.2.3.scaf00209,36432,36413,GGAAAAGATGGGCAGACCGG,TGG,-,True,Yes
nHd.2.3.scaf00209,42499,42480,GTTTTTATATGTTTTTAAGG,AGG,-,True,Yes
nHd.2.3.scaf00209,47570,47551,GCTGCAGAAGTGTCTGTCGG,AGG,-,True,No
nHd.2.3.scaf00209,48339,48320,GCTGCAGAAGTGTCTGTCGG,AGG,-,True,No
nHd.2.3.scaf00209,49437,49418,GAGCGCCCCCTGCCAACTGG,TGG,-,True,Yes
nHd.2.3.scaf00209,50017,49998,GGATAGCAATGTGGACATGG,AGG,-,True,Yes
nHd.2.3.scaf00209,50787,50768,GACGTAGATCGATAGAGAGG,GGG,-,True,Yes
nHd.2.3.scaf00209,53405,53386,GCGGATTCTTTTTAGATCGG,TGG,-,True,Yes
nHd.2.3.scaf00209,53706,53687,GCGGATTTTTTTTAGATCGG,TGG,-,True,Yes
nHd.2.3.scaf00209,54121,54102,GAATGTCAAGATTGTAGCGG,TGG,-,True,Yes
nHd.2.3.scaf00209,54919,54900,GCAATCCACATATTGTTTGG,AGG,-,True,Yes
nHd.2.3.scaf00209,60028,60009,GGCCATGACGGTATGATCGG,GGG,-,True,Yes
nHd.2.3.scaf00209,60130,60111,GGAGAAGGCAACCGCGGCGG,TGG,-,True,Yes
nHd.2.3.scaf00209,60397,60378,GAATTTGAGGCATGTTATGG,AGG,-,True,Yes
nHd.2.3.scaf00209,62824,62805,GGTTCGGTCTGGCCGCTGGG,GGG,-,True,No
nHd.2.3.scaf00209,64188,64169,GGTTCGGTCTGGCCGCTGGG,GGG,-,True,No
nHd.2.3.scaf00209,65446,65427,GACACTGCTTCATAGCCAGG,GGG,-,True,Yes
nHd.2.3.scaf00209,67541,67522,GAGGCGAAACGGTTTGAAGG,TGG,-,True,Yes
nHd.2.3.scaf00209,67613,67594,GGTGGTGCTGGTGGTGGTGG,TGG,-,True,Yes
nHd.2.3.scaf00209,67631,67612,GTCTGCTGGCGGCTGACCGG,TGG,-,True,Yes
nHd.2.3.scaf00209,67642,67623,GTTTCCCAAAGGTCTGCTGG,CGG,-,True,Yes
nHd.2.3.scaf00209,68777,68758,GATCTCAATTCCATGACAGG,CGG,-,True,Yes
nHd.2.3.scaf00209,69660,69641,GGTAATAAGGCAAAGGGCGG,AGG,-,True,Yes
nHd.2.3.scaf00209,69663,69644,GGTGGTAATAAGGCAAAGGG,CGG,-,True,Yes
nHd.2.3.scaf00209,69693,69674,GGAGGCAGGCCTTGCCGGGG,CGG,-,True,Yes
nHd.2.3.scaf00209,70401,70382,GCTTTCACCAATACGGTCGG,CGG,-,True,Yes
nHd.2.3.scaf00209,71457,71438,GATAAAATTGCCGTCAGCGG,AGG,-,True,Yes
nHd.2.3.scaf00209,71652,71633,GATGAGCTTTGGATACTCGG,TGG,-,True,Yes
nHd.2.3.scaf00209,72586,72567,GTTTGCAGTCCGTGCACTGG,CGG,-,True,Yes
nHd.2.3.scaf00209,72757,72738,GGCATGTCATTATAGTTGGG,AGG,-,True,Yes
nHd.2.3.scaf00209,73104,73085,GAGGGTGGACGTGGGGTTGG,AGG,-,True,Yes
nHd.2.3.scaf00209,73119,73100,GGTGGGGGTGGAGGTGAGGG,TGG,-,True,Yes
nHd.2.3.scaf00209,73131,73112,GGGATGGGTGGAGGTGGGGG,TGG,-,True,Yes
nHd.2.3.scaf00209,73134,73115,GTGGGGATGGGTGGAGGTGG,GGG,-,True,Yes
nHd.2.3.scaf00209,73137,73118,GGGGTGGGGATGGGTGGAGG,TGG,-,True,Yes
nHd.2.3.scaf00209,73140,73121,GTAGGGGTGGGGATGGGTGG,AGG,-,True,Yes
nHd.2.3.scaf00209,73143,73124,GGGGTAGGGGTGGGGATGGG,TGG,-,True,Yes
nHd.2.3.scaf00209,73153,73134,GAGAGGGTTGGGGGTAGGGG,TGG,-,True,Yes
nHd.2.3.scaf00209,73162,73143,GCTACAGGTGAGAGGGTTGG,GGG,-,True,Yes
nHd.2.3.scaf00209,73266,73247,GACATCGAAGCACGTTTCGG,CGG,-,True,Yes
nHd.2.3.scaf00209,75959,75940,GTAAGAGAGGGTAGACGAGG,AGG,-,True,Yes
nHd.2.3.scaf00209,77598,77579,GACTTTAAGCCCAAAAAGGG,TGG,-,True,No
nHd.2.3.scaf00209,77714,77695,GACTTTAAGCCCAAAAAGGG,TGG,-,True,No
nHd.2.3.scaf00209,78858,78839,GCGCAAAGTTCCCGTACGGG,AGG,-,True,Yes
nHd.2.3.scaf00209,78941,78922,GGTGGAGGCGAGGAGCTCGG,AGG,-,True,Yes
nHd.2.3.scaf00209,78956,78937,GTAGGTCATGGCGTTGGTGG,AGG,-,True,Yes
nHd.2.3.scaf00209,81865,81846,GGTTCATCAGCGCCCGCAGG,AGG,-,True,No
nHd.2.3.scaf00209,82623,82604,GGTTCATCAGCGCCCGCAGG,AGG,-,True,No
nHd.2.3.scaf00209,84525,84506,GTGCAGGCATAATATACGGG,TGG,-,True,Yes
nHd.2.3.scaf00209,85930,85911,GAGGCAGTCCAGATTTTTGG,CGG,-,True,Yes
nHd.2.3.scaf00209,85949,85930,GATCACTTGCCACGGCGCGG,AGG,-,True,Yes
nHd.2.3.scaf00209,88731,88712,GACCTCACTTGGGGAATCGG,TGG,-,True,Yes
nHd.2.3.scaf00209,88814,88795,GACCACGTTGAGGGGAACGG,TGG,-,True,Yes
nHd.2.3.scaf00209,88847,88828,GGTGAAGAGGGTCACTCCGG,GGG,-,True,Yes
nHd.2.3.scaf00209,89141,89122,GGCTTCCAGACATCCGAAGG,GGG,-,True,No
nHd.2.3.scaf00209,89441,89422,GGCTTCCAGACATCCGAAGG,GGG,-,True,No
nHd.2.3.scaf00209,89718,89699,GGGAGCGTACCAGAATCCGG,CGG,-,True,Yes
nHd.2.3.scaf00209,93711,93692,GTTGAGCTACTTAATCCTGG,CGG,-,True,Yes
nHd.2.3.scaf00209,94375,94356,GATATTTGGGAACAGTCGGG,CGG,-,True,Yes
nHd.2.3.scaf00209,95558,95539,GGGGCGATAACTATCGATGG,TGG,-,True,Yes
nHd.2.3.scaf00209,96563,96544,GAATATCTGCACCGCCGCGG,CGG,-,True,Yes
nHd.2.3.scaf00209,97243,97224,GATGCCGCAGATCTCCCCGG,CGG,-,True,Yes
nHd.2.3.scaf00209,99498,99479,GGAGTAAGCTCCTTAGGCGG,AGG,-,True,Yes
nHd.2.3.scaf00209,99501,99482,GTAGGAGTAAGCTCCTTAGG,CGG,-,True,Yes
nHd.2.3.scaf00209,99529,99510,GCAGCACAAGGACCAAAGGG,AGG,-,True,Yes
